{"speed":2.0,"stunnable":true,"pickupable":false,"knockbackable":true,"health":1,"mass":1.0,"linearDrag":0.05000000074505806,"angularDrag":0.05000000074505806}